{"cameraMode":{"drawMode":0,"name":"Shaded","section":"Shading Mode"},"sceneLighting":true,"audioPlay":false,"sceneViewState":{"showFog":true,"showMaterialUpdate":false,"showSkybox":true,"showFlares":true,"showImageEffects":true,"showParticleSystems":true},"in2DMode":false,"pivot":{"x":336.4823913574219,"y":234.0748291015625,"z":-36.63054656982422},"rotation":{"x":0.11881760507822037,"y":0.01339901052415371,"z":-0.001603564596734941,"w":0.9928252696990967},"size":144.9720916748047,"orthographic":false}