{"cameraMode":{"drawMode":0,"name":"Shaded","section":"Shading Mode"},"sceneLighting":true,"audioPlay":false,"sceneViewState":{"showFog":true,"showMaterialUpdate":false,"showSkybox":true,"showFlares":true,"showImageEffects":true,"showParticleSystems":true},"in2DMode":false,"pivot":{"x":14.060420989990235,"y":14.292341232299805,"z":-20.70619010925293},"rotation":{"x":-0.13557562232017518,"y":-0.6855029463768005,"z":0.13219860196113587,"w":-0.7030138373374939},"size":162.54205322265626,"orthographic":false}